Creator Name,Channel Link,Email,Do They Sell a Product,Product Type,Niche,Average Views Per Video,Subscriber Count,Value Rating,Editing Weak Spots,Editing Strengths,Personality Type / On-Camera Presence,Outreach Sent,Reply Received,Meeting Booked,Deal Closed,Rate / Retainer Value,channel_id,uploads_90d,days_since_last_upload,median_views,views_trend,views_to_subs,has_monetization,has_sponsors,monetization_signals,product_price_seen,niche_consistency,email_source,latest_video_url,top_video_url,roti_reasons,needs_review,sample_size_used,views_are_rounded,dates_are_bucketed,scraped_at,source_pass
SSSniperWolf,https://www.youtube.com/@SSSniperWolf,,Yes,merch,food,367266,35000000,High,,,,,,,,,UCpB959t8iPrxQWj7G6n0ctQ,30,2,315000,1.01,0.0105,True,False,merch; ebook,,1.0,manual,https://www.youtube.com/watch?v=EwDNWxS6qwA,https://www.youtube.com/watch?v=exfvyrOpBSM,"views are low for the subscriber count; sells a product, uploads consistently, clear niche, views over threshold",True,15,True,True,2026-10-05T17:15:30+00:00,more_leads
Preston,https://www.youtube.com/@PrestonYT,partnerships@tbnr.work,Yes,merch,tech,2864000,32400000,High,,,,,,,,,UC70Dib4MvFfT1tU6MqeyHpQ,12,2,2200000,1.79,0.0884,True,True,merch; sponsor read,,0.75,channel_description,https://www.youtube.com/watch?v=mcj-r27uutU,https://www.youtube.com/watch?v=YZQ7JonacRo,"sells a product, uploads consistently, clear niche, views over threshold",True,15,True,True,2026-10-06T04:47:06+00:00,challenge_leads
Rebecca Zamolo,https://www.youtube.com/@rebeccazamolo,Rebeccazamoloinquiries@gmail.com,Yes,merch,fitness,5046666,23400000,High,,,,,,,,,UCfw8x3VR-ElcaWW2Tg_jgSA,20,2,5200000,1.37,0.2157,True,False,merch; ebook,,0.75,channel_description,https://www.youtube.com/watch?v=Af9t_7LqJo8,https://www.youtube.com/watch?v=EAr_sMwL1Ts,"sells a product, uploads consistently, clear niche, views over threshold",True,15,True,True,2026-10-05T18:18:14+00:00,more_leads
MrBallen,https://www.youtube.com/@MrBallen,,Yes,merch,travel,1510866,11300000,High,,,,,,,,,UCtPrkXdtCM5DACLufB9jbsA,30,1,1600000,1.2,0.1337,True,False,merch; ebook,,0.6,manual,https://www.youtube.com/watch?v=tGNDBiibekM,https://www.youtube.com/watch?v=1-0P3ZqVk-U,"sells a product, uploads consistently, clear niche, views over threshold",True,15,True,True,2026-10-05T17:03:19+00:00,more_leads
Chris Bumstead,https://www.youtube.com/@ChrisBumstead,,Yes,community_or_membership,fitness,721466,4830000,High,,,,,,,,,UC4514FwdRy5gI6CdC9GPb0w,12,0,369000,1.63,0.1494,True,True,skool.com; merch; sponsor read,,0.71,manual,https://www.youtube.com/watch?v=q4-ZhruSfds,https://www.youtube.com/watch?v=v8NHiLDUUi4,"sells a product, uploads consistently, clear niche, views over threshold",True,15,True,True,2026-10-05T16:28:13+00:00,more_leads
Strictly Dumpling,https://www.youtube.com/@strictlydumpling,strictlydumpling@delkatalents.com,Yes,merch,food,205800,4290000,High,,,,,,,,,UCXOKEdfOFxsHO_-Su3K8SHg,21,1,191000,0.73,0.048,True,False,spring.com; teespring; ebook,,0.82,channel_description,https://www.youtube.com/watch?v=x7LNodVLELM,https://www.youtube.com/watch?v=XT-8jceBidE,"sells a product, uploads consistently, clear niche, views over threshold",True,15,True,True,2026-10-05T18:23:33+00:00,more_leads
The B1M,https://www.youtube.com/@TheB1M,Video@TheB1M.com,Yes,merch,travel,1107800,4080000,High,,,,,,,,,UC6n8I1UDTKP1IWjQMg6_TwA,18,5,971000,0.71,0.2715,True,False,merch; spring.com; ebook; amzn.to,,1.0,video_description,https://www.youtube.com/watch?v=d-LArPe1Rk0,https://www.youtube.com/watch?v=Ho2luOd8JH4,"sells a product, uploads consistently, clear niche, views over threshold",True,15,True,True,2026-10-05T17:21:35+00:00,more_leads
nikola’s pilates,https://www.youtube.com/@Nikolaspilates,collabnikolaspilates@gmail.com,Yes,digital_product,fitness,1046133,3960000,High,,,,,,,,,UCq9nua7h5vCQ6-W-xxwMDTA,12,5,780000,1.17,0.2642,True,False,myshopify.com,,1.0,video_description,https://www.youtube.com/watch?v=isjUMsjbiV0,https://www.youtube.com/watch?v=isjUMsjbiV0,"sells a product, uploads consistently, clear niche, views over threshold",True,15,True,True,2026-10-05T17:06:37+00:00,more_leads
Guga,https://www.youtube.com/@guga,,Yes,merch,food,995333,3500000,High,,,,,,,,,UCnB5HTIi44wDBD56KeT2hNA,13,3,1000000,0.58,0.2844,True,True,merch; spring.com; teespring; program; ebook; amzn.to; amazon.com/shop; affiliate; sponsor read; link hub: linktr.ee,$10,0.67,manual,https://www.youtube.com/watch?v=oI2rCu7JIFU,https://www.youtube.com/watch?v=5GoT7k7L6mo,"sells a product, uploads consistently, clear niche, views over threshold",True,15,True,True,2026-10-06T04:46:18+00:00,challenge_leads
ellieV,https://www.youtube.com/@ellieV,,Yes,merch,tech,121866,2990000,High,,,,,,,,,UCENdAUC6K56fiTORZBTqt8A,30,1,96000,2.63,0.0408,True,False,fourthwall; ebook,,1.0,manual,https://www.youtube.com/watch?v=lLLQw7-iKU0,https://www.youtube.com/watch?v=GPAEWMZ1t64,"sells a product, uploads consistently, clear niche, views over threshold",True,15,True,True,2026-10-05T17:51:09+00:00,more_leads
HASfit,https://www.youtube.com/@HASfit,,Yes,coaching_or_program,fitness,41133,2290000,High,,,,,,,,,UCXIJ2-RSIGn53HA-x9RDevA,19,0,43000,1.57,0.018,True,False,myshopify.com; program; ebook; amzn.to,,0.93,manual,https://www.youtube.com/watch?v=dM6Uv29cKHU,https://www.youtube.com/watch?v=b8zs4iycw1k,"views are low for the subscriber count; sells a product, uploads consistently, clear niche, views over threshold",True,15,True,True,2026-10-05T16:40:51+00:00,more_leads
Randy Santel,https://www.youtube.com/@RandySantel,,Yes,merch,food,237066,1850000,High,,,,,,,,,UCMJlGrPk73l9U6qahc8D_gA,17,0,210000,1.27,0.1281,True,False,merch; ebook,$50,0.71,manual,https://www.youtube.com/watch?v=C1Llb7jrE0g,https://www.youtube.com/watch?v=USRybUrnTV0,"sells a product, uploads consistently, clear niche, views over threshold",True,15,True,True,2026-10-06T04:45:04+00:00,challenge_leads
Narrator,https://www.youtube.com/@NarratorWins,,Yes,merch,fitness,348800,1460000,High,,,,,,,,,UCAYfH3griedXBdJX0awJTCg,18,1,332000,1.7,0.2389,True,False,merch,,1.0,manual,https://www.youtube.com/watch?v=u_oq1RCL0CU,https://www.youtube.com/watch?v=zuEhxmb2DKM,"sells a product, uploads consistently, clear niche, views over threshold",True,15,True,True,2026-10-06T15:37:39+00:00,outdoor_leads
Flying The Nest,https://www.youtube.com/@flyingthenest,,Yes,merch,travel,79666,1250000,High,,,,,,,,,UC3CxEBKx2l38nl1_SFsC2gg,12,8,73000,1.58,0.0637,True,False,merch; course; presets; ebook; amzn.to; link hub: linktr.ee,,1.0,manual,https://www.youtube.com/watch?v=4CmG3BDbtfI,https://www.youtube.com/watch?v=y41Y7Ju_kC0,"sells a product, uploads consistently, clear niche, views over threshold",True,15,True,True,2026-10-05T17:53:21+00:00,more_leads
Joel Hansen,https://www.youtube.com/@JoelHansen,,Yes,merch,food,101333,1170000,High,,,,,,,,,UC_9I8ulL_v4SvsXwiVKlzqw,21,1,102000,1.04,0.0866,True,False,merch,,0.78,manual,https://www.youtube.com/watch?v=WbC7_FQ2VvI,https://www.youtube.com/watch?v=o2qLtTqQWcc,"sells a product, uploads consistently, clear niche, views over threshold",True,15,True,True,2026-10-05T16:50:40+00:00,more_leads
Jessica Valant,https://www.youtube.com/@Jessicasvalant,,Yes,coaching_or_program,fitness,84473,1160000,High,,,,,,,,,UCjP1qqdUt2rRUM3r_4-4MMg,12,4,22000,0.62,0.0728,True,False,payhip.com; program,,0.89,manual,https://www.youtube.com/watch?v=UcN1Ts_3ajU,https://www.youtube.com/watch?v=YQfPxu1GWmw,"one video is carrying the average; sells a product, uploads consistently, clear niche, views over threshold",True,15,True,True,2026-10-05T16:49:35+00:00,more_leads
Walk With Me Tim,https://www.youtube.com/@WalkWithMeTim,walkwithmetim@dovora.co,Yes,community_or_membership,travel,827333,1060000,High,,,,,,,,,UCds9ox_aTIGDCpB6rODmS7w,13,1,856000,0.45,0.7805,True,False,patreon.com; spring.com; teespring; ebook,$250,1.0,channel_description,https://www.youtube.com/watch?v=Wb7mWUAjtZw,https://www.youtube.com/watch?v=pk3EIs_9VdU,"sells a product, uploads consistently, clear niche, views over threshold",True,15,True,True,2026-10-05T17:33:12+00:00,more_leads
PPPeter,https://www.youtube.com/@PPPeter_Official,pppeter.manager@gmail.com,Yes,community_or_membership,food,148000,1030000,High,,,,,,,,,UCnHEz9DZ6EAof1-DaQGD_Xw,16,0,143500,,0.1437,True,False,patreon.com; ebook,,0.62,channel_description,https://www.youtube.com/watch?v=UpNdSqlFvGU,https://www.youtube.com/watch?v=lMQAUcmvIgA,"sells a product, uploads consistently, clear niche, views over threshold",True,15,True,True,2026-10-06T04:23:20+00:00,challenge_leads
Hakan Karahan Doğada,https://www.youtube.com/@BushcraftHakankarahan,,Yes,merch,outdoors,549466,907000,High,,,,,,,,,UCCuCK2C7GZJYs7dtD4wkDLQ,13,1,232000,1.69,0.6058,True,False,merch; ebook,,0.87,manual,https://www.youtube.com/watch?v=ai4OaE3ESb4,https://www.youtube.com/watch?v=UiqZAsLCN3A,"one video is carrying the average; sells a product, uploads consistently, clear niche, views over threshold",True,15,True,True,2026-10-06T04:42:58+00:00,challenge_leads
TheOutdoorGearReview,https://www.youtube.com/@TheOutdoorGearReview,,Yes,community_or_membership,outdoors,99466,769000,High,,,,,,,,,UCpmbA7yNOl7aTj_ffkaWWag,30,1,81000,1.13,0.1293,True,False,patreon.com; merch; ebook; amzn.to; commission on,,0.78,manual,https://www.youtube.com/watch?v=8ddBBI01qGQ,https://www.youtube.com/watch?v=8ddBBI01qGQ,"sells a product, uploads consistently, clear niche, views over threshold",True,15,True,True,2026-10-06T15:30:18+00:00,outdoor_leads
Noel Philips,https://www.youtube.com/@noelphilips,info@noelphilips.com,Yes,community_or_membership,travel,481666,753000,High,,,,,,,,,UC2O6HDtMOZf9FkUAepz9Atg,12,1,282000,1.03,0.6397,True,False,patreon.com; merch,$2500,1.0,channel_description,https://www.youtube.com/watch?v=ChIvQ8P0esU,https://www.youtube.com/watch?v=KbZ5aqCjiwo,"sells a product, uploads consistently, clear niche, views over threshold",True,15,True,True,2026-10-06T04:22:08+00:00,challenge_leads
Botanik Bushcraft Survival,https://www.youtube.com/@botanik6140,,Yes,community_or_membership,outdoors,190933,704000,High,,,,,,,,,UCn1Phyl0KQc3fa6TZBZXkFg,11,1,138000,1.37,0.2712,True,False,patreon.com,,1.0,manual,https://www.youtube.com/watch?v=4zZhpgolZk4,https://www.youtube.com/watch?v=0Sb0dGfyPEU,"sells a product, uploads consistently, clear niche, views over threshold",True,15,True,True,2026-10-06T15:41:36+00:00,outdoor_leads
TrailRecon,https://www.youtube.com/@TrailRecon,,Yes,community_or_membership,outdoors,113800,687000,High,,,,,,,,,UCEEgz9PD6iTRSB0VXNbWvRw,14,4,103000,0.81,0.1656,True,False,patreon.com; ebook,,1.0,manual,https://www.youtube.com/watch?v=DjjLUhnGrls,https://www.youtube.com/watch?v=LA68kMRcEbk,"sells a product, uploads consistently, clear niche, views over threshold",True,15,True,True,2026-10-06T15:50:24+00:00,outdoor_leads
Keep Your Daydream,https://www.youtube.com/@KeepYourDaydream,,Yes,community_or_membership,travel,118733,568000,High,,,,,,,,,UCEhJLsShZt8McryMf_DHLZQ,13,1,119000,0.9,0.209,True,False,patreon.com; ebook; amazon.com/shop,,0.7,manual,https://www.youtube.com/watch?v=0f7RJ11z0bU,https://www.youtube.com/watch?v=eG-LLFaRGKQ,"sells a product, uploads consistently, clear niche, views over threshold",True,15,True,True,2026-10-05T16:54:12+00:00,more_leads
Kaleigh Cohen Strength,https://www.youtube.com/@KaleighStrength,,Yes,merch,fitness,49400,553000,High,,,,,,,,,UC0PZtgIWY5__DxIR0iVttQA,28,4,44000,0.9,0.0893,True,False,merch; program; coaching; ebook; amzn.to; amazon.com/shop; affiliate,,1.0,manual,https://www.youtube.com/watch?v=c04pIaaso20,https://www.youtube.com/watch?v=V3VxRLMLkoc,"sells a product, uploads consistently, clear niche, views over threshold",True,15,True,True,2026-10-05T16:52:45+00:00,more_leads
Life Well Cruised,https://www.youtube.com/@LifeWellCruised,lifewellcruised@gmail.com,Yes,course,travel,97933,523000,High,,,,,,,,,UCbClHUGuOmFeZFWJyTTRnFw,30,1,96000,0.74,0.1873,True,True,myshopify.com; course; ebook; amzn.to; affiliate; commission on; sponsor read,$10,1.0,channel_description,https://www.youtube.com/watch?v=7bwTPRSYCf0,https://www.youtube.com/watch?v=dWZqycobtlk,"sells a product, uploads consistently, clear niche, views over threshold",True,15,True,True,2026-10-05T16:57:26+00:00,more_leads
Tips For Travellers,https://www.youtube.com/@tipsfortravellers,,Yes,merch,travel,165916,514000,High,,,,,,,,,UC_qE-Obs2ocdmPXY0TIU-cw,14,2,137000,3.15,0.3228,True,False,teespring; fourthwall; ebook,,1.0,manual,https://www.youtube.com/watch?v=vHBCPL06LFk,https://www.youtube.com/watch?v=vHBCPL06LFk,"sells a product, uploads consistently, clear niche, views over threshold",True,15,True,True,2026-10-05T18:28:26+00:00,more_leads
Through My Lens,https://www.youtube.com/@ThroughMyLens,,Yes,community_or_membership,travel,104600,492000,High,,,,,,,,,UCWyPjY3I86JQt1u3mV8OyUw,19,1,89000,0.93,0.2126,True,False,patreon.com; ebook; amazon.com/shop,,0.7,manual,https://www.youtube.com/watch?v=qXE0DmggF68,https://www.youtube.com/watch?v=kResltfAnZk,"sells a product, uploads consistently, clear niche, views over threshold",True,15,True,True,2026-10-05T17:26:53+00:00,more_leads
Jumping Places,https://www.youtube.com/@JumpingPlaces,contact@jumpingplaces.com,Yes,community_or_membership,travel,72400,492000,High,,,,,,,,,UCOsve8EeUntXzOyeGRUc3OA,14,2,67000,1.66,0.1472,True,True,patreon.com; merch; spring.com; teespring; ebook; amzn.to; amazon.com/shop; affiliate; sponsor read,,1.0,channel_description,https://www.youtube.com/watch?v=kfjr7sYwnkQ,https://www.youtube.com/watch?v=tLBtJsq3xxU,"sells a product, uploads consistently, clear niche, views over threshold",True,15,True,True,2026-10-05T16:52:14+00:00,more_leads
WayPoint Survival,https://www.youtube.com/@WayPointSurvival,,Yes,merch,food,48400,463000,High,,,,,,,,,UCpgGLHAPVIm5se3T7I1-pEg,14,6,38000,0.99,0.1045,True,False,merch; spring.com; teespring; amzn.to,,0.71,manual,https://www.youtube.com/watch?v=qyMoiH0Uoz0,https://www.youtube.com/watch?v=CZlsByAq2r0,"sells a product, uploads consistently, clear niche, views over threshold",True,15,True,True,2026-10-06T04:42:50+00:00,challenge_leads
All The Gear,https://www.youtube.com/@AllThe_Gear,contact@allthegear.shop,Yes,coaching_or_program,outdoors,509800,462000,High,,,,,,,,,UCSwl4SnA68L8iDfj5gBf-yA,12,5,433000,0.74,1.1035,True,False,merch; cal.com; ebook,,0.8,video_description,https://www.youtube.com/watch?v=fGxfLqt5CVM,https://www.youtube.com/watch?v=klLUGb-_a8I,"sells a product, uploads consistently, clear niche, views over threshold",True,15,True,True,2026-10-06T15:31:29+00:00,outdoor_leads
Loeppkys Life,https://www.youtube.com/@LoeppkysLife,,Yes,community_or_membership,food,71600,457000,High,,,,,,,,,UCzC6sU_TXq-p6xduslLWJHQ,11,4,67000,1.1,0.1567,True,True,patreon.com; affiliate; shopmy; sponsor read,,0.67,manual,https://www.youtube.com/watch?v=gg7Q_lYMbfk,https://www.youtube.com/watch?v=gg7Q_lYMbfk,"sells a product, uploads consistently, clear niche, views over threshold",True,15,True,True,2026-10-05T16:58:30+00:00,more_leads
The Yard,https://www.youtube.com/@TheYardPodcast,,Yes,community_or_membership,food,210800,454000,High,,,,,,,,,UCGbg3DjQdcqWwqOLHpYHXIg,26,3,102000,0.38,0.4643,True,False,patreon.com,,1.0,manual,https://www.youtube.com/watch?v=kJ7yOkdjRiU,https://www.youtube.com/watch?v=2WwusgRYjHE,"one video is carrying the average; sells a product, uploads consistently, clear niche, views over threshold",True,15,True,True,2026-10-05T17:25:35+00:00,more_leads
Dirt Lifestyle,https://www.youtube.com/@DirtLifestyle,,Yes,community_or_membership,outdoors,81545,446000,High,,,,,,,,,UCsHjcTCLYpzkGcs_TJPgGkA,17,8,71000,0.9,0.1828,True,False,patreon.com; ebook; amazon.com/shop; affiliate,,1.0,manual,https://www.youtube.com/watch?v=-rxahgzB15Y,https://www.youtube.com/watch?v=hYw79zdyK6g,"sells a product, uploads consistently, clear niche, views over threshold",True,15,True,True,2026-10-06T15:50:47+00:00,outdoor_leads
AllEars.net,https://www.youtube.com/@AllEarsNet,,Yes,merch,travel,39533,430000,High,,,,,,,,,UCfzP_CiebRdveD9rRZv5Ndw,30,0,33000,1.93,0.0919,True,False,merch; ebook; free lead magnet,,0.75,manual,https://www.youtube.com/watch?v=pGvy96_b4p0,https://www.youtube.com/watch?v=I-vpWzQAEw8,"sells a product, uploads consistently, clear niche, views over threshold",True,15,True,True,2026-10-05T16:19:11+00:00,more_leads
SteveMarsh,https://www.youtube.com/@steve-marsh,,Yes,community_or_membership,travel,309866,396000,High,,,,,,,,,UCBhQuxcHU3aydk_zTXcbdTg,20,2,208000,1.71,0.7825,True,False,patreon.com; course,,0.86,manual,https://www.youtube.com/watch?v=XvWeeLcBQUs,https://www.youtube.com/watch?v=WYvqvAb8MWE,"sells a product, uploads consistently, clear niche, views over threshold",True,15,True,True,2026-10-05T18:23:16+00:00,more_leads
Wilson Forest Lands,https://www.youtube.com/@WilsonForestLands,,Yes,community_or_membership,food,258666,363000,High,,,,,,,,,UCB_ZWwxtSoX2Y7smVA4r-DQ,16,4,219000,1.46,0.7126,True,False,patreon.com; ebook,,1.0,manual,https://www.youtube.com/watch?v=iiSUc97ooAM,https://www.youtube.com/watch?v=QCTUlxGpxrs,"sells a product, uploads consistently, clear niche, views over threshold",True,15,True,True,2026-10-06T15:34:43+00:00,outdoor_leads
JeZAbelle,https://www.youtube.com/@Jezabzllz,vanessa@undercurrent.net,Yes,community_or_membership,lifestyle_vlog,154200,347000,High,,,,,,,,,UC0C4lZfstxtUHY8usaPK3ag,11,3,153000,0.82,0.4444,True,False,patreon.com,,1.0,channel_description,https://www.youtube.com/watch?v=wcoEeR1NVTs,https://www.youtube.com/watch?v=-cIzisQi4K4,"sells a product, uploads consistently, clear niche, views over threshold",True,15,True,True,2026-10-06T04:51:14+00:00,challenge_leads
The Shiplife,https://www.youtube.com/@JSHIPLIFE,Jtravelcontact@gmail.com,Yes,community_or_membership,travel,56733,346000,High,,,,,,,,,UC404kEt4oyD8CNsMU735dvg,29,2,50000,1.08,0.164,True,False,patreon.com; ebook; link hub: linktr.ee,,0.93,channel_description,https://www.youtube.com/watch?v=CxFQfL2S0QQ,https://www.youtube.com/watch?v=ZJDQH2JFb6A,"sells a product, uploads consistently, clear niche, views over threshold",True,15,True,True,2026-10-05T16:46:34+00:00,more_leads
Cruise With Ben and David,https://www.youtube.com/@Cruisewith,ahoy@cruisewith.co.uk,Yes,community_or_membership,travel,184666,342000,High,,,,,,,,,UCGh9zg0zvyF3GqHeR4WR3Xg,12,1,175000,1.33,0.54,True,True,patreon.com; fourthwall; ebook; amazon.com/shop; affiliate; sponsor read; free lead magnet,,1.0,video_description,https://www.youtube.com/watch?v=ch676ZYmdZY,https://www.youtube.com/watch?v=31QFni7YJAA,"sells a product, uploads consistently, clear niche, views over threshold",True,15,True,True,2026-10-05T16:30:18+00:00,more_leads
Justin Taylor,https://www.youtube.com/@Justin_Taylor,justin.taylor@jmtsquaredmedia.com,Yes,merch,food,334285,324000,High,,,,,,,,,UCLmZyirq7EaKhseDeTGLamw,17,2,301000,0.71,1.0317,True,False,merch; program,,1.0,channel_description,https://www.youtube.com/watch?v=jzMMwTpyuX8,https://www.youtube.com/watch?v=YQId-AoU44Q,"sells a product, uploads consistently, clear niche, views over threshold",True,15,True,True,2026-10-06T15:38:10+00:00,outdoor_leads
La Lido Loca,https://www.youtube.com/@LaLidoLoca,,Yes,community_or_membership,travel,80933,318000,High,,,,,,,,,UCqFivW2VWJtGfvrMreyjNbw,30,2,77000,0.64,0.2545,True,False,patreon.com; ebook,,1.0,manual,https://www.youtube.com/watch?v=xAvLzDojFao,https://www.youtube.com/watch?v=UCGSlt7aj7M,"sells a product, uploads consistently, clear niche, views over threshold",True,15,True,True,2026-10-05T16:55:38+00:00,more_leads
gideonstactical,https://www.youtube.com/@gideonstactical,,Yes,community_or_membership,finance,25326,307000,High,,,,,,,,,UC9ULRTHvszrMpy3kDT-KDIQ,30,2,16000,0.58,0.0825,True,False,patreon.com; ebook; amzn.to; amazon.com/shop; affiliate,,0.75,manual,https://www.youtube.com/watch?v=zDLxA28YF0w,https://www.youtube.com/watch?v=Z3rpmEXe-uU,"sells a product, uploads consistently, clear niche, views over threshold",True,15,True,True,2026-10-06T15:35:31+00:00,outdoor_leads
Hell on Earth,https://www.youtube.com/@upthehoe,,Yes,merch,outdoors,118266,290000,High,,,,,,,,,UCu0HvCbIS1SwTJm5kzLg6AQ,13,2,105000,1.02,0.4078,True,False,merch,,0.75,manual,https://www.youtube.com/watch?v=aCHXdS9DgOg,https://www.youtube.com/watch?v=aBk5uvi8s-I,"sells a product, uploads consistently, clear niche, views over threshold",True,15,True,True,2026-10-06T15:31:13+00:00,outdoor_leads
Kyle Pallo,https://www.youtube.com/@KylePalIo,rose@wylertravelgroup.com,Yes,community_or_membership,travel,42133,253000,High,,,,,,,,,UClCMqrvO9Wn11_hvuoH0WJA,30,0,39000,0.91,0.1665,True,False,patreon.com; merch; ebook; amzn.to,,0.71,video_description,https://www.youtube.com/watch?v=FWJCunr2Ca0,https://www.youtube.com/watch?v=LFIHD7ffL3g,"sells a product, uploads consistently, clear niche, views over threshold",True,15,True,True,2026-10-05T16:55:24+00:00,more_leads
The MacMaster,https://www.youtube.com/@TheMacMaster,themacmaster@ruthlesstalent.com,Yes,merch,travel,41133,248000,High,,,,,,,,,UCZnu0K1XV3qebPlVh6CZ6iQ,30,1,37000,0.77,0.1659,True,False,merch; ebook,,1.0,channel_description,https://www.youtube.com/watch?v=1xvsD4CoGHw,https://www.youtube.com/watch?v=ALNhIwo3SZQ,"sells a product, uploads consistently, clear niche, views over threshold",True,15,True,True,2026-10-05T17:23:42+00:00,more_leads
Dane and Stacey,https://www.youtube.com/@DaneAndStacey,,Yes,digital_product,travel,33853,223000,High,,,,,,,,,UCmnpMr4Md5CgZ5MdlghTYqA,12,3,21000,0.68,0.1518,True,False,myshopify.com; geni.us; affiliate,,0.89,manual,https://www.youtube.com/watch?v=QmXIHJv0Q-8,https://www.youtube.com/watch?v=p6N86T0eVms,"sells a product, uploads consistently, clear niche, views over threshold",True,15,True,True,2026-10-05T16:31:32+00:00,more_leads
ResortTV1,https://www.youtube.com/@ResortTV1,resorttvone@gmail.com,Yes,community_or_membership,food,10300,218000,High,,,,,,,,,UCAjpFyA7FCRoGOuj5i4kq9g,19,3,5500,2.07,0.0472,True,False,patreon.com; merch; spring.com; teespring; ebook,,0.67,channel_description,https://www.youtube.com/watch?v=ixcl5tumWOk,https://www.youtube.com/watch?v=Jqv23-b0m0M,"sells a product, uploads consistently, clear niche, views over threshold",True,15,True,True,2026-10-05T17:12:55+00:00,more_leads
Adventure Freaksss,https://www.youtube.com/@adventurefreaksss,adventurefreaksss@gmail.com,Yes,coaching_or_program,travel,41693,212000,High,,,,,,,,,UC0dRjLpXi4C8oti0Y9riUmg,25,1,18000,2.23,0.1967,True,False,calendly.com; ebook; free lead magnet,$100,0.69,channel_description,https://www.youtube.com/watch?v=gFHFvWiIAO4,https://www.youtube.com/watch?v=qUSua8yDrnA,"one video is carrying the average; sells a product, uploads consistently, clear niche, views over threshold",True,15,True,True,2026-10-06T04:21:14+00:00,challenge_leads
EECC Travels,https://www.youtube.com/@EECCTravels,alisa@eecctravels.com,Yes,merch,travel,73466,208000,High,,,,,,,,,UChmD8EWwltkAl4APZC9htOQ,23,1,55000,2.83,0.3532,True,False,merch; spring.com; teespring; program; ebook; amazon.com/shop; affiliate,,0.86,channel_description,https://www.youtube.com/watch?v=-7DGe4MRXqs,https://www.youtube.com/watch?v=1AvFQvyh8Ys,"sells a product, uploads consistently, clear niche, views over threshold",True,15,True,True,2026-10-05T16:33:37+00:00,more_leads
The Flip Flop Traveller,https://www.youtube.com/@tfft,,Yes,community_or_membership,travel,60500,203000,High,,,,,,,,,UC4qBrLQgM_WIrY4ImuSNRPA,29,0,53500,0.67,0.298,True,False,patreon.com; amazon.com/shop,$536,0.71,manual,https://www.youtube.com/watch?v=gX_CxYriEjE,https://www.youtube.com/watch?v=Jhbi3pUm_Wo,"sells a product, uploads consistently, clear niche, views over threshold",True,15,True,True,2026-10-03T15:36:17+00:00,leads
Bioforceman,https://www.youtube.com/@bioforceman,bioforceman@gmail.com,Yes,community_or_membership,fitness,234293,190000,High,,,,,,,,,UCD86QaE_mNiaAyAOojZbNMg,12,4,86000,0.55,1.2331,True,False,skool.com; program; ebook,,1.0,channel_description,https://www.youtube.com/watch?v=0QXSICOie5c,https://www.youtube.com/watch?v=2bkj1eIhfyo,"one video is carrying the average; sells a product, uploads consistently, clear niche, views over threshold",True,15,True,True,2026-10-06T04:37:46+00:00,challenge_leads
Exotic Vacation,https://www.youtube.com/@ExoticVacation,pmzyoto@gmail.com,Yes,digital_product,travel,9460,186000,High,,,,,,,,,UClDHklFpCTrQ6p6EJFHIl4g,19,1,9400,1.6,0.0509,True,False,gumroad.com; merch; affiliate,,0.92,channel_description,https://www.youtube.com/watch?v=8pvshewbRNc,https://www.youtube.com/watch?v=ufoo43N_Sac,"sells a product, uploads consistently, clear niche, views over threshold",True,15,True,True,2026-10-03T15:35:01+00:00,leads
Joel Hansen Raw,https://www.youtube.com/@joelhansenraw,,Yes,merch,food,55793,182000,High,,,,,,,,,UCbU-Yc5mvMkoZv32rPhNK1g,13,1,59000,1.16,0.3066,True,False,merch; spring.com; teespring,,0.91,manual,https://www.youtube.com/watch?v=0AmBDvgO8Gk,https://www.youtube.com/watch?v=x9Y7Ka2B-cs,"sells a product, uploads consistently, clear niche, views over threshold",True,15,True,True,2026-10-06T04:44:17+00:00,challenge_leads
Nikki Gets Fit,https://www.youtube.com/@NikkiGetsFit,,Yes,digital_product,nutrition,9720,178000,High,,,,,,,,,UCzH60ksnMwDrMz3YmDHUJ0w,30,1,8900,0.86,0.0546,True,False,myshopify.com; ebook; amzn.to; amazon.com/shop; affiliate,,0.69,manual,https://www.youtube.com/watch?v=VmvbZBLtAZM,https://www.youtube.com/watch?v=J-XcV-jPahg,"sells a product, uploads consistently, clear niche, views over threshold",True,15,True,True,2026-10-03T15:34:30+00:00,leads
Love Sundays,https://www.youtube.com/@LoveSundays,lovesundays@ruthlesstalent.com,Yes,community_or_membership,outdoors,25533,169000,High,,,,,,,,,UCabRotzKhKP1Xa7zDH9XHHQ,13,6,24000,1.09,0.1511,True,True,patreon.com; ebook; amzn.to; sponsor read,£5,0.8,channel_description,https://www.youtube.com/watch?v=DWFi79FyAZs,https://www.youtube.com/watch?v=jQ3jIMIl3Ro,"sells a product, uploads consistently, clear niche, views over threshold",True,15,True,True,2026-10-03T15:33:27+00:00,leads
CrazyQuady,https://www.youtube.com/@CrazyQuady,,Yes,merch,outdoors,39200,159000,High,,,,,,,,,UCWL3pDZHnkGA4-_bxCUVQ_A,18,8,34000,1.03,0.2465,True,False,merch; amzn.to; affiliate,,0.93,manual,https://www.youtube.com/watch?v=mVWPREsnPI4,https://www.youtube.com/watch?v=mVWPREsnPI4,"sells a product, uploads consistently, clear niche, views over threshold",True,15,True,True,2026-10-06T15:28:12+00:00,outdoor_leads
seerasan,https://www.youtube.com/@seerasan,,Yes,community_or_membership,travel,81066,156000,High,,,,,,,,,UCRhzmriNRfJNLIGYzAJgagA,10,13,74000,0.94,0.5197,True,True,patreon.com; sponsor read,$5,0.67,manual,https://www.youtube.com/watch?v=tdbzQQTWW3Y,https://www.youtube.com/watch?v=AbbLe-cXLHU,"sells a product, uploads consistently, clear niche, views over threshold",True,15,True,True,2026-10-03T15:28:52+00:00,leads
Ed Chapman,https://www.youtube.com/@EdChapman23,,Yes,community_or_membership,travel,103933,156000,High,,,,,,,,,UCwNCnyY13NfCqNXCjTRpPHQ,12,6,77000,1.41,0.6662,True,True,patreon.com; amzn.to; affiliate; sponsor read,,0.9,manual,https://www.youtube.com/watch?v=fgm7S00cRDk,https://www.youtube.com/watch?v=yzg4Uua_mlw,"sells a product, uploads consistently, clear niche, views over threshold",True,15,True,True,2026-10-05T16:33:53+00:00,more_leads
Sophie Nadeau,https://www.youtube.com/@SophieNadeau,,Yes,course,travel,89533,143000,High,,,,,,,,,UCmhMC-AS8JDy7RSY4xfFvNw,11,5,57000,2.53,0.6261,True,False,gumroad.com; course; amzn.to; affiliate,,0.8,manual,https://www.youtube.com/watch?v=lPiadWDPpNM,https://www.youtube.com/watch?v=x4dhpVYPsy0,"sells a product, uploads consistently, clear niche, views over threshold",True,15,True,True,2026-10-03T15:24:01+00:00,leads
Saucy Seth,https://www.youtube.com/@SaucySeth,Treavor@brandedindependent.com,Yes,community_or_membership,outdoors,172533,142000,High,,,,,,,,,UCQuZZiOjrdQPmtg1sw7-VaA,13,2,149000,1.72,1.215,True,True,patreon.com; ebook; sponsor read,,0.62,channel_description,https://www.youtube.com/watch?v=UtkgRbd59sk,https://www.youtube.com/watch?v=v30ND8gkgkA,"sells a product, uploads consistently, clear niche, views over threshold",True,15,True,True,2026-10-06T15:29:06+00:00,outdoor_leads
Haze Outdoors,https://www.youtube.com/@HazeOutdoors,,Yes,community_or_membership,outdoors,48933,134000,High,,,,,,,,,UCDzwHsfeQcQJ_0FDnLheU9w,10,6,34000,0.68,0.3652,True,True,patreon.com; ebook; sponsor read,,0.67,manual,https://www.youtube.com/watch?v=EET3rGKkPzg,https://www.youtube.com/watch?v=m176XMF3Amw,"sells a product, uploads consistently, clear niche, views over threshold",True,15,True,True,2026-10-06T04:42:12+00:00,challenge_leads
Jordan Bauth,https://www.youtube.com/@jbauth,jordan.bauth@gmail.com,Yes,merch,travel,39066,127000,High,,,,,,,,,UCqkbECaAqs-mpOC09-R4eRw,26,1,38000,0.97,0.3076,True,True,merch; amzn.to; amazon.com/shop; shopmy; sponsor read,$149.99,0.91,video_description,https://www.youtube.com/watch?v=fTjgMa25Ef4,https://www.youtube.com/watch?v=pXp-3ikLsoQ,"sells a product, uploads consistently, clear niche, views over threshold",True,15,True,True,2026-10-03T15:21:15+00:00,leads
Honest Places,https://www.youtube.com/@honestplaces,,Yes,merch,travel,109666,121000,High,,,,,,,,,UCDEp3bgCjY57-Y1u_vi4oSQ,10,1,78000,0.91,0.9063,True,True,merch; sponsor read,,1.0,manual,https://www.youtube.com/watch?v=GStEoYPHG80,https://www.youtube.com/watch?v=8gJwGNtZgvU,"sells a product, uploads consistently, clear niche, views over threshold",True,15,True,True,2026-10-05T17:57:46+00:00,more_leads
ASMR Jonie,https://www.youtube.com/@ASMRJonie,,Yes,community_or_membership,tech,5913,121000,High,,,,,,,,,UCo7kA3XcXrqS8_cbz5GboCg,30,2,5200,0.84,0.0489,True,False,patreon.com; affiliate; link hub: linktr.ee,,0.67,manual,https://www.youtube.com/watch?v=H8UqFHE94r8,https://www.youtube.com/watch?v=4TcdIgUYnGs,"sells a product, uploads consistently, clear niche, views over threshold",True,15,True,True,2026-10-05T16:17:21+00:00,more_leads
Scott Eats,https://www.youtube.com/@scotteats,,Yes,merch,food,64866,119000,High,,,,,,,,,UCs46kHZjIFZcZute8-LYj5w,13,4,64000,1.19,0.5451,True,False,merch; link hub: linktr.ee,,0.88,manual,https://www.youtube.com/watch?v=0Rdy7G4g-MI,https://www.youtube.com/watch?v=0Rdy7G4g-MI,"sells a product, uploads consistently, clear niche, views over threshold",True,15,True,True,2026-10-06T04:44:24+00:00,challenge_leads
ON Three,https://www.youtube.com/@ONThree,,Yes,community_or_membership,outdoors,8406,117000,High,,,,,,,,,UCcD-nE73DcGtBNAav4OnKig,26,1,7400,1.12,0.0718,True,False,patreon.com; ebook,,0.91,manual,https://www.youtube.com/watch?v=7dFvtToDN6M,https://www.youtube.com/watch?v=satD1ck7eJQ,"sells a product, uploads consistently, clear niche, views over threshold",True,15,True,True,2026-10-06T15:40:46+00:00,outdoor_leads
Explorcation,https://www.youtube.com/@Explorcation,explorcationblog@gmail.com,Yes,merch,travel,58800,94300,High,,,,,,,,,UC5WSENwO7aWA5goA-rzBi2w,10,7,43000,0.96,0.6235,True,True,merch; ebook; amazon.com/shop; affiliate; sponsor read; free lead magnet,,1.0,channel_description,https://www.youtube.com/watch?v=QabooW3Td6U,https://www.youtube.com/watch?v=keyt-AzgSD8,"sells a product, uploads consistently, clear niche, views over threshold",True,15,True,True,2026-10-03T15:13:00+00:00,leads
A Walk on the Wild Side,https://www.youtube.com/@AWalkontheWildSideBlackpool,,Yes,community_or_membership,travel,16128,85400,High,,,,,,,,,UC8-aqgwOGATAzRwsBtBpwKQ,29,1,15000,1.0,0.1889,True,False,patreon.com,,1.0,manual,https://www.youtube.com/watch?v=IoghnDzEPds,https://www.youtube.com/watch?v=ANUZ97zAL2U,"sells a product, uploads consistently, clear niche, views over threshold",True,15,True,True,2026-10-03T15:16:18+00:00,leads
Good Bloke Outdoors,https://www.youtube.com/@GoodBlokeOutdoors,Contact@GoodBlokeOutdoors.com,Yes,community_or_membership,outdoors,45533,70000,High,,,,,,,,,UCMdq55gplLQq0RHKh5GZAOQ,15,1,40000,1.32,0.6505,True,True,patreon.com; merch; ebook; sponsor read,,0.67,channel_description,https://www.youtube.com/watch?v=7PUlgfF05LY,https://www.youtube.com/watch?v=-mzeYVLtY0A,"sells a product, uploads consistently, clear niche, views over threshold",True,15,True,True,2026-10-06T15:23:01+00:00,outdoor_leads
A Quiet Place Adventures,https://www.youtube.com/@AQuietPlaceAdventures,,Yes,community_or_membership,outdoors,12666,59500,High,,,,,,,,,UCLb-FZKfMVk67OLFby6O50A,14,1,11000,1.14,0.2129,True,False,patreon.com; merch; program; ebook; amzn.to; affiliate,,0.93,manual,https://www.youtube.com/watch?v=vSVi1veNT78,https://www.youtube.com/watch?v=Pwvx8U3Y5PY,"sells a product, uploads consistently, clear niche, views over threshold",True,15,True,True,2026-10-06T15:31:45+00:00,outdoor_leads
Theme Park Brandon,https://www.youtube.com/@KeepRidinCoasters,ThemeParkBrandon@gmail.com,Yes,merch,travel,14184,55400,High,,,,,,,,,UCsxATEQi6hzhC14JFqZ4cuw,30,1,17000,0.63,0.256,True,False,merch; ebook,$15,0.75,video_description,https://www.youtube.com/watch?v=NzoYyZZLPyc,https://www.youtube.com/watch?v=m2Wx6PHHQRg,"sells a product, uploads consistently, clear niche, views over threshold",True,15,True,True,2026-10-05T16:54:04+00:00,more_leads
WorldWide Dom,https://www.youtube.com/@WorldWide_Dom,Inquiries@worldwidedom.com,Yes,community_or_membership,travel,138453,35700,High,,,,,,,,,UC2Td19juU55BkzaQQ4hhToA,14,2,21000,2.94,3.8782,True,False,patreon.com; ebook,£54,0.75,channel_description,https://www.youtube.com/watch?v=XSYr2N-hCUM,https://www.youtube.com/watch?v=dAGktdEB18o,"one video is carrying the average; sells a product, uploads consistently, clear niche, views over threshold",True,15,True,True,2026-10-05T17:34:38+00:00,more_leads
Paul and Carole Love to Travel,https://www.youtube.com/channel/UCpnRH1jL_EKoVv5VWoyiB0A,paulandcarolelovetotravel@gmail.com,Yes,community_or_membership,travel,8060,33900,High,,,,,,,,,UCpnRH1jL_EKoVv5VWoyiB0A,17,3,4400,1.47,0.2378,True,False,patreon.com; ebook; affiliate,,0.62,channel_description,https://www.youtube.com/watch?v=NKikapZh5HY,https://www.youtube.com/watch?v=nsXFIGO4pJE,"sells a product, uploads consistently, clear niche, views over threshold",True,15,True,True,2026-10-05T18:36:20+00:00,more_leads
BarsOnly,https://www.youtube.com/@barsonlyCalisthenics,,Yes,community_or_membership,fitness,18881,33300,High,,,,,,,,,UC8mqLOXdtjN-1GdjC0eQ0TQ,30,0,7600,0.35,0.567,True,False,skool.com; coaching,$47,1.0,manual,https://www.youtube.com/watch?v=Kg8AywUjtsI,https://www.youtube.com/watch?v=xpO9gUXZJlE,"one video is carrying the average; sells a product, uploads consistently, clear niche, views over threshold",True,15,True,True,2026-10-05T17:41:30+00:00,more_leads
Who Knows Where,https://www.youtube.com/@whoknowswhere,,Yes,merch,travel,10353,30000,High,,,,,,,,,UCTCW-LrIRuOmpWyc0HDvTVg,30,1,9100,0.36,0.3451,True,False,merch; spring.com; ebook,,0.92,manual,https://www.youtube.com/watch?v=2I-AiVCw1OE,https://www.youtube.com/watch?v=jXoMrxH1VYQ,"sells a product, uploads consistently, clear niche, views over threshold",True,15,True,True,2026-10-05T18:33:18+00:00,more_leads
Addicted to the Mouse,https://www.youtube.com/@AddictedtotheMouse,,Yes,community_or_membership,tech,4726,26800,High,,,,,,,,,UC7s0LBhHvK5CYD8Pgi-yLIw,26,1,4400,0.86,0.1763,True,False,patreon.com; ebook,,0.62,manual,https://www.youtube.com/watch?v=fcSlyKR_syQ,https://www.youtube.com/watch?v=tajgt92lnwk,"sells a product, uploads consistently, clear niche, views over threshold",True,15,True,True,2026-10-05T16:17:45+00:00,more_leads
Ramdino Hiking the Trails,https://www.youtube.com/@Ramdinohikes,,Yes,coaching_or_program,outdoors,5240,22500,High,,,,,,,,,UCGAM_tlf2QiicHxk0gfsPGA,30,1,5700,0.82,0.2329,True,False,patreon.com; merch; calendly.com; coaching; ebook; affiliate,,1.0,manual,https://www.youtube.com/watch?v=yiZjkH7B5BM,https://www.youtube.com/watch?v=5H5bxTR1UOw,"sells a product, uploads consistently, clear niche, views over threshold",True,15,True,True,2026-10-06T15:57:35+00:00,outdoor_leads
Nadine Walks,https://www.youtube.com/@NadineWalks,,Yes,community_or_membership,travel,8253,22000,High,,,,,,,,,UCiYVkjL4gqcNxv8AaiOgVtQ,14,2,5000,1.02,0.3751,True,False,patreon.com; amzn.to; affiliate,,0.67,manual,https://www.youtube.com/watch?v=mwWhV8J7SHA,https://www.youtube.com/watch?v=2F_uOM3caXY,"sells a product, uploads consistently, clear niche, views over threshold",True,15,True,True,2026-10-06T15:57:11+00:00,outdoor_leads
Weekend Sidequest,https://www.youtube.com/@weekendsidequest,,Yes,merch,outdoors,16453,14200,High,,,,,,,,,UCC8U0I2nDZInYMZKR_F2ROg,13,3,14000,0.9,1.1587,True,False,merch; amzn.to; affiliate,,0.93,manual,https://www.youtube.com/watch?v=pg9fXXU8O1c,https://www.youtube.com/watch?v=RDkmjdMykXM,"sells a product, uploads consistently, clear niche, views over threshold",True,15,True,True,2026-10-06T15:30:34+00:00,outdoor_leads
New Travel Escapes,https://www.youtube.com/@newtravelescapes,,Yes,merch,travel,7280,13800,High,,,,,,,,,UCURLJsrrN2Wet2fjJFtS7YQ,13,1,5500,0.57,0.5275,True,False,merch; course; ebook; affiliate,,0.9,manual,https://www.youtube.com/watch?v=EJ0EgmtbtXg,https://www.youtube.com/watch?v=6qu5r_Hsx2E,"sells a product, uploads consistently, clear niche, views over threshold",True,15,True,True,2026-10-05T18:14:07+00:00,more_leads
Fudge Factor,https://www.youtube.com/@fudge_factor,Fudgefactor00@gmail.com,Yes,community_or_membership,travel,7693,13600,High,,,,,,,,,UCP4Rph8nBDfF2KB7cQmvuXg,13,1,7300,1.23,0.5657,True,False,patreon.com; amazon.com/shop,,0.67,channel_description,https://www.youtube.com/watch?v=ok8XbeZYLbg,https://www.youtube.com/watch?v=ok8XbeZYLbg,"sells a product, uploads consistently, clear niche, views over threshold",True,15,True,True,2026-10-05T17:54:04+00:00,more_leads
Beachlife and Beyond,https://www.youtube.com/@Beachlife-and-Beyond,beachlifeandbeyond@outlook.com,Yes,community_or_membership,travel,7370,5640,High,,,,,,,,,UChjr71LlAN7syXIT2SeeNGw,10,4,3200,0.42,1.3067,True,False,patreon.com; ebook,,0.83,channel_description,https://www.youtube.com/watch?v=f-RJOxc3fHg,https://www.youtube.com/watch?v=fO2s_NiY3EA,"one video is carrying the average; sells a product, uploads consistently, clear niche, views over threshold",True,15,True,True,2026-10-05T16:21:53+00:00,more_leads
