#,Display Name,YT Subscribers,Source,Type,Sells,Country,Cadence,Last Upload (days),Email,IG Account,YT Channel
1,The Lovers Passport,102000,travel,solo,,United States,weekly,2,Email in YouTube Bio,https://www.instagram.com/theloverspassport,https://www.youtube.com/@TheLoversPassport
2,michaela amari,102000,vlog/fitness,unclear,,United States,biweekly,1,Email in YouTube Bio,,https://www.youtube.com/@michaelaamari
3,maggy,102000,vlog/fitness,solo,,,monthly,1,Email in YouTube Bio,https://www.instagram.com/mmmaaggyyy/,https://www.youtube.com/@maggymaa
4,Camden David,103000,travel,solo,,United States,biweekly,3,Email in YouTube Bio,,https://www.youtube.com/@camdendavid
5,Ritzy Travel Guide,104000,travel,solo,,United Kingdom,biweekly,3,Email in YouTube Bio,https://www.instagram.com/ritzytravelguide,https://www.youtube.com/@ritzytravelguide
6,Travel Spree,104000,travel,solo,,United States,weekly,2,Email in YouTube Bio,https://www.instagram.com/travelspreeofficial,https://www.youtube.com/@TravelSpreeOfficial
7,Phil Mosley - MyProCoach Triathlon Training,104000,vlog/fitness,unclear,,United Kingdom,biweekly,11,Email in YouTube Bio,https://www.instagram.com/myprocoach_/,https://www.youtube.com/@myprocoach123
8,Just Elias,95400,vlog/fitness,solo,,,biweekly,0,,https://www.instagram.com/justt_eliass/,https://www.youtube.com/@just_elias
9,Living the life you love,94000,vlog/fitness,solo,,United Kingdom,weekly,2,Email in YouTube Bio,https://www.instagram.com/livingthelifeyoulove/,https://www.youtube.com/@Livingthelifeyoulove
10,Cal,107000,travel,solo,,Canada,weekly,6,Email in YouTube Bio,https://www.instagram.com/ajarncal/,https://www.youtube.com/@thebangkokguide
11,National Academy of Sports Medicine (NASM),107000,vlog/fitness,unclear,,,weekly,4,,,https://www.youtube.com/@NasmOrgPersonalTrainer
12,Explorcation,92200,travel,solo,,United States,biweekly,9,Email in YouTube Bio,https://www.instagram.com/explor_cation,https://www.youtube.com/@Explorcation
13,Sorta Healthy Trainer Education,108000,vlog/fitness,solo,,United States,biweekly,4,Email in YouTube Bio,https://www.instagram.com/sortahealthyjeff,https://www.youtube.com/@SortaHealthyTrainerEducation
14,Holiday Expert,109000,vlog/fitness,solo,,United Kingdom,monthly,14,Email in YouTube Bio,https://www.instagram.com/holidayexpert/,https://www.youtube.com/c/CheapHolidayExpert
15,McKenzie Morgan,90900,travel,solo,,United States,weekly,12,Email in YouTube Bio,https://www.instagram.com/styledbymckenz/,https://www.youtube.com/@styledbymckenz
16,Ivan de Guzman,110000,travel,solo,,Philippines,weekly,0,Email in YouTube Bio,https://instagram.com/paulivandg,https://www.youtube.com/@ivandeguzman
17,Rebecca Hobson,111000,travel,solo,,United Kingdom,monthly,30,Email in YouTube Bio,https://www.instagram.com/mrsrebeccahobson,https://www.youtube.com/@mrsrebeccahobson
18,UHM - Upcoming Horror Movies,112000,vlog/fitness,business,membership,United States,weekly,0,Email in YouTube Bio,https://www.instagram.com/uhmovies/,https://www.youtube.com/@UHMovies
19,The Frugal Brit - Orlando,114000,travel,solo,,United Kingdom,biweekly,9,Email in YouTube Bio,"https://www.instagram.com/Hello everyone! In addition to creating a new vlog channel, I thought I’d also create an Instagram account so that I can give updates even quicker. Here’s the link if anyone’s interested:

instagram.com/jayjackorlando/

I’ll hopefully be setting up the vlog channel in the next few weeks. Really pleased with the response to the last post, thank you!! 😁",https://www.youtube.com/@TheFrugalBrit
20,World Travel Guide,114000,travel,unclear,,United States,monthly,14,Email in YouTube Bio,,https://www.youtube.com/@RealWorldTravelGuide
21,sydgrows,86000,vlog/fitness,solo,,,monthly,9,Email in YouTube Bio,https://www.instagram.com/sydgrows/,https://www.youtube.com/@sydgrows
22,Destination Well Known,85800,agency,business,,,biweekly,3,Email in YouTube Bio,https://www.instagram.com/destination_wellknown/,https://www.youtube.com/@destinationwellknown
23,Ash and Kels,85700,travel,solo,,United Kingdom,weekly,3,Email in YouTube Bio,https://www.instagram.com/_ashandkels/,https://www.youtube.com/@AshandKels
24,KevTheTrainer,85500,vlog/fitness,solo,,United States,weekly,1,Email in YouTube Bio,https://www.instagram.com/kev.the.trainer,https://www.youtube.com/@KevTheTrainer
25,Deanalex,85100,travel,unclear,,,weekly,1,,,https://www.youtube.com/@Deanalex7
26,A Walk on the Wild Side,84900,travel,solo,,United Kingdom,weekly,0,Email in YouTube Bio,https://www.instagram.com/awalkonthewildside69/,https://www.youtube.com/@AWalkontheWildSideBlackpool
27,GoTime Travels,116000,travel,solo,,Ireland,weekly,3,Email in YouTube Bio,https://www.instagram.com/gotimetravels/,https://www.youtube.com/@GoTimeTravels
28,This Is Our Retirement,117000,travel,unclear,,Canada,weekly,1,,,https://www.youtube.com/@ThisIsOurRetirement
29,Mitch Boyer,117000,vlog/fitness,solo,,United States,monthly,14,Email in YouTube Bio,https://www.instagram.com/mitchwayneboyer/,https://www.youtube.com/@MitchBoyer
30,Sika Strength,83000,vlog/fitness,unclear,,,weekly,0,,,https://www.youtube.com/@sikastrength
31,emi’s spellbook,118000,vlog/fitness,solo,,,biweekly,11,,,https://www.youtube.com/@emisspellbook
32,Bupa Health,118000,vlog/fitness,solo,"app, own site",United Kingdom,biweekly,21,,https://www.instagram.com/bupa.uk,https://www.youtube.com/@BupaHealth
33,Benidorm Enthusiast,81800,vlog/fitness,unclear,,,weekly,2,,,https://www.youtube.com/channel/UCm-MbeXbYivVMGFrT8E2oNQ
34,Ridhi Sharma,81200,vlog/fitness,solo,,,weekly,1,Email in YouTube Bio,https://instagram.com/ridhi.culous,https://www.youtube.com/@ridhi.culous
35,The Krystal Palace,81000,travel,solo,,United States,weekly,5,Email in YouTube Bio,https://www.instagram.com/thekrystalpalace_/,https://www.youtube.com/@TheKrystalPalace
36,Wout of the World,120000,travel,solo,,Netherlands,weekly,6,Email in YouTube Bio,https://www.instagram.com/woutoftheworld,https://www.youtube.com/@WoutoftheWorld
37,Ariel,78800,vlog/fitness,solo,,,biweekly,8,Email in YouTube Bio,https://www.instagram.com/arielyavuncu?igsh=MTl0eDc0Mmh3NXBiNQ==,https://www.youtube.com/@Arielyavuncu
38,Mia Stephens,122000,vlog/fitness,unclear,,,biweekly,2,Email in YouTube Bio,,https://www.youtube.com/@MiaStephens
39,Lauralie Chapados,122000,vlog/fitness,solo,,United States,weekly,0,Email in YouTube Bio,https://www.instagram.com/lauraliechap/,https://www.youtube.com/@LauralieChapadosIFBBPro
40,Chews to Explore,124000,travel,unclear,,United States,weekly,3,Email in YouTube Bio,,https://www.youtube.com/@ChewsToExplore
41,Mica Rivera Wood,75400,vlog/fitness,solo,,,monthly,61,Email in YouTube Bio,https://www.instagram.com/thewoodsrun/,https://www.youtube.com/@micawoodruns
42,We're in the Rockies,125000,travel,solo,,United States,weekly,2,Email in YouTube Bio,https://www.instagram.com/wereintherockies/,https://www.youtube.com/@WereintheRockies
43,Cobra Scalez,125000,vlog/fitness,solo,community,,monthly,4,,https://www.instagram.com/cobrasthenics/,https://www.youtube.com/@cobrascalez
44,Wayne Algenio,74900,vlog/fitness,solo,,United States,weekly,1,Email in YouTube Bio,http://instagram.com/wayneywonder29,https://www.youtube.com/@WayneAlgenio
45,Cyndi Williams,74400,agency,business,,United States,weekly,3,Email in YouTube Bio,https://www.instagram.com/wanderlustceo/,https://www.youtube.com/@wanderlustceo
46,Jordan Bauth,126000,travel,solo,,United States,weekly,0,Email in YouTube Bio,http://www.instagram.com/jbauth,https://www.youtube.com/@jbauth
47,Coolist,128000,travel,solo,,United States,biweekly,13,Email in YouTube Bio,https://instagram.com/james.coolist,https://www.youtube.com/@Coolist
48,Emily English,72000,vlog/fitness,solo,,United Kingdom,biweekly,3,Email in YouTube Bio,https://www.instagram.com/emthenutritionist,https://www.youtube.com/@emthenutritionist
49,Andi Renay,128000,vlog/fitness,solo,,,biweekly,30,,,https://www.youtube.com/@andirenay
50,Griff & Alyssa,129000,travel,solo,,United States,weekly,9,Email in YouTube Bio,https://instagram.com/griffandalyssa,https://www.youtube.com/@GriffandAlyssa
51,Michelle Roots Fitness & Nutrition Coach,129000,vlog/fitness,solo,,Canada,biweekly,3,Email in YouTube Bio,http://www.instagram.com/michellerootsfit,https://www.youtube.com/@MichelleRoots
52,Holly Brooks,131000,vlog/fitness,solo,,,weekly,0,Email in YouTube Bio,https://www.instagram.com/p/CRbBzd6Bc3y/,https://www.youtube.com/@hollyjobrooks
53,Roots in the Wild,132000,vlog/fitness,solo,membership,United Kingdom,weekly,2,Email in YouTube Bio,https://www.instagram.com/jessicakleczka/,https://www.youtube.com/@Roots-In-The-Wild
54,Justin Medeiros,65700,vlog/fitness,unclear,,,weekly,2,,,https://www.youtube.com/@JustinMedeiros34
55,Ultimate Bucket List,135000,travel,solo,,United Kingdom,biweekly,61,Email in YouTube Bio,https://www.instagram.com/ninhlyuk/,https://www.youtube.com/@UltimateBucketList
56,The Sanbrooke Adventures,136000,travel,solo,,United Kingdom,weekly,5,Email in YouTube Bio,https://www.instagram.com/thesanbrookeadventureschannel/,https://www.youtube.com/@TheSanbrookeAdventures
57,Sophie Nadeau,136000,travel,solo,,United Kingdom,weekly,1,Email in YouTube Bio,https://www.instagram.com/sophieannenadeau,https://www.youtube.com/@SophieNadeau
58,PP: Passport Pages,138000,travel,solo,,United States,biweekly,1,Email in YouTube Bio,https://www.instagram.com/passportpagestravel,https://www.youtube.com/@Passport_Pages
59,BPN,138000,vlog/fitness,business,,United States,weekly,9,Email in YouTube Bio,https://www.instagram.com/bpnsupps/,https://www.youtube.com/@bpnsupps
60,MoreMozi,138000,vlog/fitness,unclear,,United States,weekly,0,,,https://www.youtube.com/@MoreMozi
61,Mana,139000,vlog/fitness,solo,,Canada,biweekly,8,,,https://www.youtube.com/@ManaVlogs_yt
62,Team Charles-Barclay,139000,vlog/fitness,solo,,United Kingdom,monthly,3,,https://www.instagram.com/hollycharlesphotography_,https://www.youtube.com/@LucyCharlesBarclay
63,Celine ♡,60700,vlog/fitness,solo,"membership, storefront, own site",Canada,weekly,7,Email in YouTube Bio,http://instagram.com/celinelikedion,https://www.youtube.com/@Celinelikedion
64,The Cartwrights,140000,travel,solo,,Australia,biweekly,13,Email in YouTube Bio,https://www.instagram.com/cartwright.company,https://www.youtube.com/@thecartwrights
65,Lisa Mthembu,58800,vlog/fitness,unclear,,,monthly,21,,,https://www.youtube.com/@lisa_mthembu
66,Crystal Park,58800,vlog/fitness,solo,,,biweekly,2,Email in YouTube Bio,https://www.instagram.com/crystalpaark/,https://www.youtube.com/@crystalpark
67,Eat See TV,142000,travel,solo,,United States,biweekly,0,Email in YouTube Bio,https://www.instagram.com/EatSeeTV/,https://www.youtube.com/@EatSeeTV
68,Mind Pump Clips,56400,vlog/fitness,unclear,,United States,weekly,14,,,https://www.youtube.com/@MindPumpClips
69,Emily Enchanted,144000,travel,solo,,United States,biweekly,11,Email in YouTube Bio,https://www.instagram.com/emilynels8/?hl=en,https://www.youtube.com/@EmilyEnchanted
70,Adventures of Matt and Nat,145000,travel,solo,,United States,biweekly,10,Email in YouTube Bio,https://instagram.com/adventuresofmattandnat/,https://www.youtube.com/@AdventuresofMattandNat
71,Thinking with a Pump,145000,vlog/fitness,unclear,storefront,,biweekly,14,,,https://www.youtube.com/@ThinkingwithaPump
72,Anabolic Bodybuilding | Big Paul,52400,vlog/fitness,solo,,United States,weekly,3,Email in YouTube Bio,https://www.instagram.com/paulkbarnett/,https://www.youtube.com/@anabolicbodybuilding
73,Nicky Lyan,52300,vlog/fitness,solo,,United States,weekly,9,Email in YouTube Bio,https://www.instagram.com/nicky.lyan/?hl=en,https://www.youtube.com/@NICKYLYAN
74,Rachel Vinn,148000,vlog/fitness,solo,"storefront, own site",United States,weekly,0,Email in YouTube Bio,https://www.instagram.com/rach.vinn/,https://www.youtube.com/@RachelVinn
75,Mark Coles,50600,vlog/fitness,solo,,United Kingdom,weekly,3,Email in YouTube Bio,https://www.instagram.com/markjcoles/,https://www.youtube.com/@M10Fitness
76,Fergus Crawley,151000,vlog/fitness,solo,,United Kingdom,weekly,12,Email in YouTube Bio,https://www.instagram.com/ferguscrawley/,https://www.youtube.com/@ferguscrawley95
77,seerasan,152000,travel,solo,,Australia,biweekly,6,Email in YouTube Bio,https://www.instagram.com/seerasan/,https://www.youtube.com/@seerasan
78,lana ♡,152000,vlog/fitness,solo,,,biweekly,14,,,https://www.youtube.com/@lanaserenelife
79,Becky Mae,153000,vlog/fitness,unclear,"storefront, own site",United States,biweekly,6,,,https://www.youtube.com/@beckymaelee
80,Brogan Tate,154000,travel,solo,,United Kingdom,weekly,0,Email in YouTube Bio,https://instagram.com/brogantatexo,https://www.youtube.com/@brogantatexo
81,takechu,157000,vlog/fitness,solo,,,weekly,2,,https://www.instagram.com/takechu_u22?igsh=MTF3ZG1qd3psd3czZA==&utm_source=qr,https://www.youtube.com/@takechu22
82,Catalyst Athletics,157000,vlog/fitness,solo,,United States,biweekly,21,Email in YouTube Bio,https://www.instagram.com/catalystathletics,https://www.youtube.com/@CatalystAthletics
83,Adam Hattan,158000,travel,solo,,United Kingdom,biweekly,30,Email in YouTube Bio,http://www.instagram.com/adamhattan,https://www.youtube.com/@adamhattan
84,Brenda Anton,158000,vlog/fitness,unclear,,,biweekly,4,,,https://www.youtube.com/@brendaantonn
85,Ryan Walker,160000,travel,unclear,,United States,biweekly,2,Email in YouTube Bio,,https://www.youtube.com/@ryanwalkerT5
86,Ryguy v2,160000,vlog/fitness,unclear,,United States,biweekly,21,Email in YouTube Bio,,https://www.youtube.com/@Ryguyv2
87,LifeWithUsTV,161000,agency,business,,United States,weekly,12,Email in YouTube Bio,https://instagram.com/codefuntravels,https://www.youtube.com/@LifeWithUsTV
88,Dana Berez,162000,travel,solo,,United States,weekly,1,Email in YouTube Bio,https://www.instagram.com/danaberez,https://www.youtube.com/@DanaBerez
89,Jada Waters,162000,vlog/fitness,unclear,,,weekly,1,,,https://www.youtube.com/@valuejada
90,Amelie Desai,162000,vlog/fitness,solo,"storefront, own site",United States,weekly,0,Email in YouTube Bio,https://www.instagram.com/ameliedesai/,https://www.youtube.com/@ameliedesai
91,The Hawaii Vacation Guide,164000,travel,unclear,,United States,weekly,2,Email in YouTube Bio,"https://www.instagram.com/Welcome to our Hawaii adventures! We're Erica and Jordan and we've lived on Maui and Oahu. Now, with our son and daughter in tow, we continue learning as much as possible about traveling in Hawaii. We share everything we learn to help you plan your best trip to Hawaii. We share tips, activities, and reviews. Sustainable travel starts with building love and respect for the islands. We hope these videos spread that message. Mahalo for watching.

Website: https://thehawaiivacationguide.com/
Instagram: https://www.instagram.com/thehawaiivacationguide/",https://www.youtube.com/@TheHawaiiVacationGuide
92,Big Loz Official,168000,vlog/fitness,solo,own site,United Kingdom,weekly,5,Email in YouTube Bio,https://www.instagram.com/mrs_shahlaei/?hl=en,https://www.youtube.com/@BigLozOfficial
93,Molly Thompson,169000,travel,solo,,United Kingdom,weekly,5,Email in YouTube Bio,http://instagram.com/molly_thompson,https://www.youtube.com/@MollyThompsonx_
94,Mark Wiemels,169000,travel,solo,,United States,weekly,5,Email in YouTube Bio,https://www.instagram.com/markwiemels/,https://www.youtube.com/@markwiemels
95,Love Sundays,169000,vlog/fitness,solo,,United Kingdom,weekly,1,Email in YouTube Bio,https://www.instagram.com/lovesundays84/,https://www.youtube.com/@LoveSundays
96,Eat Sleep Cruise,170000,travel,solo,,United States,weekly,1,Email in YouTube Bio,https://instagram.com/eatsleepcruise,https://www.youtube.com/@Eatsleepcruise1
97,Lauren Nicholsen,174000,vlog/fitness,solo,community,United States,weekly,1,Email in YouTube Bio,https://www.instagram.com/mrslaurennicholsen/,https://www.youtube.com/@LaurenNicholsen
98,JTM_FIT,175000,vlog/fitness,solo,,United States,monthly,21,Email in YouTube Bio,,https://www.youtube.com/@jtm_fit
99,Nikki Gets Fit,177000,vlog/fitness,solo,,United States,weekly,1,Email in YouTube Bio,https://www.instagram.com/nikkigets_fit,https://www.youtube.com/@NikkiGetsFit
100,Family Freedom,179000,travel,solo,,United Kingdom,weekly,1,Email in YouTube Bio,https://www.instagram.com/familyfreedomvlogs/,https://www.youtube.com/@FamilyFreedom
101,Exotic Vacation,183000,travel,unclear,,United States,weekly,1,Email in YouTube Bio,,https://www.youtube.com/@ExoticVacation
102,Being Neiicey,186000,vlog/fitness,solo,,United States,monthly,4,Email in YouTube Bio,http://instagram.com/shaneicecrystal,https://www.youtube.com/@BeingNeiicey
103,The Hutchinsons,193000,travel,solo,,United Kingdom,biweekly,21,Email in YouTube Bio,https://www.instagram.com/thehutchinsonfamily/,https://www.youtube.com/@TheHutchinsons
104,TK Twins,197000,vlog/fitness,solo,,,biweekly,1,,https://www.instagram.com/tktwins__/,https://www.youtube.com/@TheTKTwins.
105,Happy to Wander (Travel Tips & Inspo),199000,travel,solo,,Canada,biweekly,4,Email in YouTube Bio,https://www.instagram.com/happytowander/,https://www.youtube.com/@HappytoWander
106,The Flip Flop Traveller,200000,travel,solo,,United States,weekly,2,Email in YouTube Bio,,https://www.youtube.com/@tfft
