Creator Name,Channel Link,Email,Do They Sell a Product,Product Type,Niche,Average Views Per Video,Subscriber Count,Value Rating,Editing Weak Spots,Editing Strengths,Personality Type / On-Camera Presence,Outreach Sent,Reply Received,Meeting Booked,Deal Closed,Rate / Retainer Value,channel_id,uploads_90d,days_since_last_upload,median_views,views_trend,views_to_subs,has_monetization,has_sponsors,monetization_signals,product_price_seen,niche_consistency,email_source,latest_video_url,top_video_url,roti_reasons,needs_review,sample_size_used,views_are_rounded,dates_are_bucketed,scraped_at
SteveMarsh,https://www.youtube.com/@steve-marsh,,Yes,community_or_membership,travel,309866,396000,High,,,,,,,,,UCBhQuxcHU3aydk_zTXcbdTg,20,2,208000,1.71,0.7825,True,False,patreon.com; course,,0.86,manual,https://www.youtube.com/watch?v=XvWeeLcBQUs,https://www.youtube.com/watch?v=WYvqvAb8MWE,"sells a product, uploads consistently, clear niche, views over threshold",True,15,True,True,2026-10-05T18:23:16+00:00
Cruise With Ben and David,https://www.youtube.com/@Cruisewith,ahoy@cruisewith.co.uk,Yes,community_or_membership,travel,184666,342000,High,,,,,,,,,UCGh9zg0zvyF3GqHeR4WR3Xg,12,1,175000,1.33,0.54,True,True,patreon.com; fourthwall; ebook; amazon.com/shop; affiliate; sponsor read; free lead magnet,,1.0,video_description,https://www.youtube.com/watch?v=ch676ZYmdZY,https://www.youtube.com/watch?v=31QFni7YJAA,"sells a product, uploads consistently, clear niche, views over threshold",True,15,True,True,2026-10-05T16:30:18+00:00
The Yard,https://www.youtube.com/@TheYardPodcast,,Yes,community_or_membership,food,210800,454000,High,,,,,,,,,UCGbg3DjQdcqWwqOLHpYHXIg,26,3,102000,0.38,0.4643,True,False,patreon.com,,1.0,manual,https://www.youtube.com/watch?v=kJ7yOkdjRiU,https://www.youtube.com/watch?v=2WwusgRYjHE,"one video is carrying the average; sells a product, uploads consistently, clear niche, views over threshold",True,15,True,True,2026-10-05T17:25:35+00:00
Through My Lens,https://www.youtube.com/@ThroughMyLens,,Yes,community_or_membership,travel,104600,492000,High,,,,,,,,,UCWyPjY3I86JQt1u3mV8OyUw,19,1,89000,0.93,0.2126,True,False,patreon.com; ebook; amazon.com/shop,,0.7,manual,https://www.youtube.com/watch?v=qXE0DmggF68,https://www.youtube.com/watch?v=kResltfAnZk,"sells a product, uploads consistently, clear niche, views over threshold",True,15,True,True,2026-10-05T17:26:53+00:00
Honest Places,https://www.youtube.com/@honestplaces,,Yes,merch,travel,109666,121000,High,,,,,,,,,UCDEp3bgCjY57-Y1u_vi4oSQ,10,1,78000,0.91,0.9063,True,True,merch; sponsor read,,1.0,manual,https://www.youtube.com/watch?v=GStEoYPHG80,https://www.youtube.com/watch?v=8gJwGNtZgvU,"sells a product, uploads consistently, clear niche, views over threshold",True,15,True,True,2026-10-05T17:57:46+00:00
Ed Chapman,https://www.youtube.com/@EdChapman23,,Yes,community_or_membership,travel,103933,156000,High,,,,,,,,,UCwNCnyY13NfCqNXCjTRpPHQ,12,6,77000,1.41,0.6662,True,True,patreon.com; amzn.to; affiliate; sponsor read,,0.9,manual,https://www.youtube.com/watch?v=fgm7S00cRDk,https://www.youtube.com/watch?v=yzg4Uua_mlw,"sells a product, uploads consistently, clear niche, views over threshold",True,15,True,True,2026-10-05T16:33:53+00:00
La Lido Loca,https://www.youtube.com/@LaLidoLoca,,Yes,community_or_membership,travel,80933,318000,High,,,,,,,,,UCqFivW2VWJtGfvrMreyjNbw,30,2,77000,0.64,0.2545,True,False,patreon.com; ebook,,1.0,manual,https://www.youtube.com/watch?v=xAvLzDojFao,https://www.youtube.com/watch?v=UCGSlt7aj7M,"sells a product, uploads consistently, clear niche, views over threshold",True,15,True,True,2026-10-05T16:55:38+00:00
Jumping Places,https://www.youtube.com/@JumpingPlaces,contact@jumpingplaces.com,Yes,community_or_membership,travel,72400,492000,High,,,,,,,,,UCOsve8EeUntXzOyeGRUc3OA,14,2,67000,1.66,0.1472,True,True,patreon.com; merch; spring.com; teespring; ebook; amzn.to; amazon.com/shop; affiliate; sponsor read,,1.0,channel_description,https://www.youtube.com/watch?v=kfjr7sYwnkQ,https://www.youtube.com/watch?v=tLBtJsq3xxU,"sells a product, uploads consistently, clear niche, views over threshold",True,15,True,True,2026-10-05T16:52:14+00:00
Loeppkys Life,https://www.youtube.com/@LoeppkysLife,,Yes,community_or_membership,food,71600,457000,High,,,,,,,,,UCzC6sU_TXq-p6xduslLWJHQ,11,4,67000,1.1,0.1567,True,True,patreon.com; affiliate; shopmy; sponsor read,,0.67,manual,https://www.youtube.com/watch?v=gg7Q_lYMbfk,https://www.youtube.com/watch?v=gg7Q_lYMbfk,"sells a product, uploads consistently, clear niche, views over threshold",True,15,True,True,2026-10-05T16:58:30+00:00
EECC Travels,https://www.youtube.com/@EECCTravels,alisa@eecctravels.com,Yes,merch,travel,73466,208000,High,,,,,,,,,UChmD8EWwltkAl4APZC9htOQ,23,1,55000,2.83,0.3532,True,False,merch; spring.com; teespring; program; ebook; amazon.com/shop; affiliate,,0.86,channel_description,https://www.youtube.com/watch?v=-7DGe4MRXqs,https://www.youtube.com/watch?v=1AvFQvyh8Ys,"sells a product, uploads consistently, clear niche, views over threshold",True,15,True,True,2026-10-05T16:33:37+00:00
The Shiplife,https://www.youtube.com/@JSHIPLIFE,Jtravelcontact@gmail.com,Yes,community_or_membership,travel,56733,346000,High,,,,,,,,,UC404kEt4oyD8CNsMU735dvg,29,2,50000,1.08,0.164,True,False,patreon.com; ebook; link hub: linktr.ee,,0.93,channel_description,https://www.youtube.com/watch?v=CxFQfL2S0QQ,https://www.youtube.com/watch?v=ZJDQH2JFb6A,"sells a product, uploads consistently, clear niche, views over threshold",True,15,True,True,2026-10-05T16:46:34+00:00
Kyle Pallo,https://www.youtube.com/@KylePalIo,rose@wylertravelgroup.com,Yes,community_or_membership,travel,42133,253000,High,,,,,,,,,UClCMqrvO9Wn11_hvuoH0WJA,30,0,39000,0.91,0.1665,True,False,patreon.com; merch; ebook; amzn.to,,0.71,video_description,https://www.youtube.com/watch?v=FWJCunr2Ca0,https://www.youtube.com/watch?v=LFIHD7ffL3g,"sells a product, uploads consistently, clear niche, views over threshold",True,15,True,True,2026-10-05T16:55:24+00:00
The MacMaster,https://www.youtube.com/@TheMacMaster,themacmaster@ruthlesstalent.com,Yes,merch,travel,41133,248000,High,,,,,,,,,UCZnu0K1XV3qebPlVh6CZ6iQ,30,1,37000,0.77,0.1659,True,False,merch; ebook,,1.0,channel_description,https://www.youtube.com/watch?v=1xvsD4CoGHw,https://www.youtube.com/watch?v=ALNhIwo3SZQ,"sells a product, uploads consistently, clear niche, views over threshold",True,15,True,True,2026-10-05T17:23:42+00:00
AllEars.net,https://www.youtube.com/@AllEarsNet,,Yes,merch,travel,39533,430000,High,,,,,,,,,UCfzP_CiebRdveD9rRZv5Ndw,30,0,33000,1.93,0.0919,True,False,merch; ebook; free lead magnet,,0.75,manual,https://www.youtube.com/watch?v=pGvy96_b4p0,https://www.youtube.com/watch?v=I-vpWzQAEw8,"sells a product, uploads consistently, clear niche, views over threshold",True,15,True,True,2026-10-05T16:19:11+00:00
Dane and Stacey,https://www.youtube.com/@DaneAndStacey,,Yes,digital_product,travel,33853,223000,High,,,,,,,,,UCmnpMr4Md5CgZ5MdlghTYqA,12,3,21000,0.68,0.1518,True,False,myshopify.com; geni.us; affiliate,,0.89,manual,https://www.youtube.com/watch?v=QmXIHJv0Q-8,https://www.youtube.com/watch?v=p6N86T0eVms,"sells a product, uploads consistently, clear niche, views over threshold",True,15,True,True,2026-10-05T16:31:32+00:00
Theme Park Brandon,https://www.youtube.com/@KeepRidinCoasters,ThemeParkBrandon@gmail.com,Yes,merch,travel,14184,55400,High,,,,,,,,,UCsxATEQi6hzhC14JFqZ4cuw,30,1,17000,0.63,0.256,True,False,merch; ebook,$15,0.75,video_description,https://www.youtube.com/watch?v=NzoYyZZLPyc,https://www.youtube.com/watch?v=m2Wx6PHHQRg,"sells a product, uploads consistently, clear niche, views over threshold",True,15,True,True,2026-10-05T16:54:04+00:00
ResortTV1,https://www.youtube.com/@ResortTV1,resorttvone@gmail.com,Yes,community_or_membership,food,10300,218000,High,,,,,,,,,UCAjpFyA7FCRoGOuj5i4kq9g,19,3,5500,2.07,0.0472,True,False,patreon.com; merch; spring.com; teespring; ebook,,0.67,channel_description,https://www.youtube.com/watch?v=ixcl5tumWOk,https://www.youtube.com/watch?v=Jqv23-b0m0M,"sells a product, uploads consistently, clear niche, views over threshold",True,15,True,True,2026-10-05T17:12:55+00:00
ASMR Jonie,https://www.youtube.com/@ASMRJonie,,Yes,community_or_membership,tech,5913,121000,High,,,,,,,,,UCo7kA3XcXrqS8_cbz5GboCg,30,2,5200,0.84,0.0489,True,False,patreon.com; affiliate; link hub: linktr.ee,,0.67,manual,https://www.youtube.com/watch?v=H8UqFHE94r8,https://www.youtube.com/watch?v=4TcdIgUYnGs,"sells a product, uploads consistently, clear niche, views over threshold",True,15,True,True,2026-10-05T16:17:21+00:00
