Creator Name,Channel Link,Email,Do They Sell a Product,Product Type,Niche,Average Views Per Video,Subscriber Count,Value Rating,Editing Weak Spots,Editing Strengths,Personality Type / On-Camera Presence,Outreach Sent,Reply Received,Meeting Booked,Deal Closed,Rate / Retainer Value,channel_id,uploads_90d,days_since_last_upload,median_views,views_trend,views_to_subs,has_monetization,has_sponsors,monetization_signals,product_price_seen,niche_consistency,email_source,latest_video_url,top_video_url,roti_reasons,needs_review,sample_size_used,views_are_rounded,dates_are_bucketed,scraped_at,source_file,product_tier,email_is_agency
Simple Man Martial Arts,https://www.youtube.com/@simplemanmartialarts,,Yes,digital_product,lifestyle_vlog,20320,35100,High,,,,,,,,,UCquMCMvM-5t4PR6Vx2CvnKQ,12,0,13000,0.68,0.5789,True,False,myshopify.com; whop.com; merch,,0.67,manual,https://www.youtube.com/watch?v=v8l5Ms-B9i8,https://www.youtube.com/watch?v=yvoRNfL4lLM,"sells a product, uploads consistently, clear niche, views over threshold",True,15,True,True,2026-10-10T03:43:51+00:00,martial_leads.csv,owned,
Bulletproof For BJJ,https://www.youtube.com/@bulletproofforbjj,,Yes,coaching_or_program,martial_arts,4026,43200,High,,,,,,,,,UCyf05qby-GCHJ47kiI4Uzqw,11,4,3600,1.25,0.0932,True,False,cal.com,,0.75,manual,https://www.youtube.com/watch?v=evI2rXyTry4,https://www.youtube.com/watch?v=foS3w_IANBs,"sells a product, uploads consistently, clear niche, views over threshold",True,15,True,True,2026-10-10T03:25:52+00:00,martial_leads.csv,owned,
Tae Kwon Do Fury,https://www.youtube.com/@taekwondofury,,Yes,community_or_membership,martial_arts,46906,108000,High,,,,,,,,,UCSGPp0RBtgUVUn8gZSpJibQ,16,1,36000,0.57,0.4343,True,False,skool.com,,0.91,manual,https://www.youtube.com/watch?v=AqkIWY7FULc,https://www.youtube.com/watch?v=8obsO7lOkoM,"sells a product, uploads consistently, clear niche, views over threshold",True,15,True,True,2026-10-10T03:38:04+00:00,martial_leads.csv,recurring,
Pro Striking,https://www.youtube.com/@prostriking,,Yes,community_or_membership,martial_arts,13066,86600,High,,,,,,,,,UCODnk77us0yjvYKZ60xSHPg,30,0,11000,,0.1509,True,False,patreon.com; course; coaching; ebook,,0.6,manual,https://www.youtube.com/watch?v=BFEf_nTt-Aw,https://www.youtube.com/watch?v=fyJ1L-UIw84,"sells a product, uploads consistently, clear niche, views over threshold",True,15,True,True,2026-10-10T03:26:37+00:00,martial_leads.csv,recurring,
Iron Faith Wrestling,https://www.youtube.com/@ironfaithwrestling,,Yes,community_or_membership,martial_arts,4808,109000,High,,,,,,,,,UC6kWGPqcl-0SEhcV7BC97Eg,27,0,4300,1.02,0.0441,True,False,skool.com,,1.0,manual,https://www.youtube.com/watch?v=3d0ObEJKxiA,https://www.youtube.com/watch?v=iNHpSK6_ftU,"sells a product, uploads consistently, clear niche, views over threshold",True,15,True,True,2026-10-10T03:33:49+00:00,martial_leads.csv,recurring,
Matt Pasquinilli,https://www.youtube.com/@pasquinilli,,Yes,community_or_membership,martial_arts,20816,221000,High,,,,,,,,,UCmINRWgbM5oFuVuNT1rQCfQ,23,1,4050,,0.0942,True,False,patreon.com,,1.0,manual,https://www.youtube.com/watch?v=vwGEAKrsb2I,https://www.youtube.com/watch?v=OB6bFU6YizI,"one video is carrying the average; sells a product, uploads consistently, clear niche, views over threshold",True,7,True,True,2026-10-10T03:41:32+00:00,martial_leads.csv,recurring,
Max Holloway,https://www.youtube.com/@maxholloway,contact@chosenadvisory.com,Yes,merch,martial_arts,126266,444000,High,,,,,,,,,UC8XrXL0VBCU--ptVYQM83HA,13,0,41000,0.33,0.2844,True,False,merch; ebook,,0.83,video_description,https://www.youtube.com/watch?v=pUu7Jt-igQo,https://www.youtube.com/watch?v=rB6m_S_ZV0g,"one video is carrying the average; sells a product, uploads consistently, clear niche, views over threshold",True,15,True,True,2026-10-10T03:45:29+00:00,martial_leads.csv,merch,
Shintaro Higashi,https://www.youtube.com/@Shigashi84,,Yes,merch,martial_arts,7033,294000,High,,,,,,,,,UC70qwffU7qQvTVm26wziD8A,11,0,5600,1.01,0.0239,True,False,merch; course; ebook,,0.91,manual,https://www.youtube.com/watch?v=98_xoEWBhN0,https://www.youtube.com/watch?v=5OGySyslvqQ,"views are low for the subscriber count; sells a product, uploads consistently, clear niche, views over threshold",True,15,True,True,2026-10-10T03:36:43+00:00,martial_leads.csv,merch,
Bangtao Muay Thai & MMA,https://www.youtube.com/@bangtaomuaythaimma,,Yes,merch,martial_arts,4893,86900,High,,,,,,,,,UCLODZezteRsuYnq0HE5s99Q,29,1,4200,0.29,0.0563,True,False,merch; ebook,,0.75,manual,https://www.youtube.com/watch?v=-RBGnBxhNB8,https://www.youtube.com/watch?v=yYGCGwVVp88,"sells a product, uploads consistently, clear niche, views over threshold",True,15,True,True,2026-10-10T03:24:00+00:00,martial_leads.csv,merch,
